{
  "specification": {
    "precision": 1.0,
    "recall": 1.0,
    "f1-score": 1.0,
    "support": 107,
    "confused_with": {}
  },
  "type": {
    "precision": 0.9479166666666666,
    "recall": 0.9715302491103203,
    "f1-score": 0.9595782073813708,
    "support": 281,
    "confused_with": {}
  },
  "micro avg": {
    "precision": 0.9620253164556962,
    "recall": 0.979381443298969,
    "f1-score": 0.9706257982120051,
    "support": 388
  },
  "macro avg": {
    "precision": 0.9739583333333333,
    "recall": 0.9857651245551602,
    "f1-score": 0.9797891036906854,
    "support": 388
  },
  "weighted avg": {
    "precision": 0.96227985395189,
    "recall": 0.979381443298969,
    "f1-score": 0.9707254543148588,
    "support": 388
  },
  "accuracy": 0.983859649122807
}